{
  "CD_GENDER": {
    "count": 2602,
    "unique": 2,
    "top": "M",
    "freq": 1302,
    "mean": NaN,
    "std": NaN,
    "min": NaN,
    "25%": NaN,
    "50%": NaN,
    "75%": NaN,
    "max": NaN
  },
  "CD_MARITAL_STATUS": {
    "count": 2602,
    "unique": 5,
    "top": "M",
    "freq": 532,
    "mean": NaN,
    "std": NaN,
    "min": NaN,
    "25%": NaN,
    "50%": NaN,
    "75%": NaN,
    "max": NaN
  },
  "CD_EDUCATION_STATUS": {
    "count": 2602,
    "unique": 7,
    "top": "4 yr Degree",
    "freq": 412,
    "mean": NaN,
    "std": NaN,
    "min": NaN,
    "25%": NaN,
    "50%": NaN,
    "75%": NaN,
    "max": NaN
  },
  "CD_CREDIT_RATING": {
    "count": 2602,
    "unique": 4,
    "top": "High Risk",
    "freq": 674,
    "mean": NaN,
    "std": NaN,
    "min": NaN,
    "25%": NaN,
    "50%": NaN,
    "75%": NaN,
    "max": NaN
  },
  "CD_DEP_COUNT": {
    "count": 2602.0,
    "unique": NaN,
    "top": NaN,
    "freq": NaN,
    "mean": 2.965795541890853,
    "std": 2.00594615918569,
    "min": 0.0,
    "25%": 1.0,
    "50%": 3.0,
    "75%": 5.0,
    "max": 6.0
  },
  "CD_DEP_EMPLOYED_COUNT": {
    "count": 2602.0,
    "unique": NaN,
    "top": NaN,
    "freq": NaN,
    "mean": 2.9723289777094544,
    "std": 1.9746575568678877,
    "min": 0.0,
    "25%": 1.0,
    "50%": 3.0,
    "75%": 5.0,
    "max": 6.0
  },
  "CD_DEP_COLLEGE_COUNT": {
    "count": 2602.0,
    "unique": NaN,
    "top": NaN,
    "freq": NaN,
    "mean": 2.9385088393543426,
    "std": 1.9721398061381235,
    "min": 0.0,
    "25%": 1.0,
    "50%": 3.0,
    "75%": 5.0,
    "max": 6.0
  },
  "AGE": {
    "count": 2602.0,
    "unique": NaN,
    "top": NaN,
    "freq": NaN,
    "mean": 66.73174481168333,
    "std": 20.159921545194628,
    "min": 33.0,
    "25%": 49.0,
    "50%": 66.0,
    "75%": 85.0,
    "max": 101.0
  },
  "IS_WEEKEND": {
    "count": 2602.0,
    "unique": NaN,
    "top": NaN,
    "freq": NaN,
    "mean": 0.27286702536510377,
    "std": 0.4455186800437079,
    "min": 0.0,
    "25%": 0.0,
    "50%": 0.0,
    "75%": 1.0,
    "max": 1.0
  },
  "PURCHASE_RANGE": {
    "count": 2602,
    "unique": 2,
    "top": "High",
    "freq": 2479,
    "mean": NaN,
    "std": NaN,
    "min": NaN,
    "25%": NaN,
    "50%": NaN,
    "75%": NaN,
    "max": NaN
  }
}